x,y,zx,zy,zxy,ncd
EARTH,MARS,69,75,116,0.6266666666666667
EARTH,MERCURY,69,72,115,0.6388888888888888
EARTH,VENUS,69,76,117,0.631578947368421
MARS,MERCURY,75,72,117,0.6
MARS,VENUS,75,76,122,0.618421052631579
MERCURY,VENUS,72,76,121,0.6447368421052632
