x,y,zx,zy,zxy,ncd
EARTH,MARS,91,95,140,0.5157894736842106
EARTH,MERCURY,91,95,142,0.5368421052631579
EARTH,VENUS,91,103,142,0.49514563106796117
MARS,MERCURY,95,95,146,0.5368421052631579
MARS,VENUS,95,103,147,0.5048543689320388
MERCURY,VENUS,95,103,151,0.5436893203883495
